case_id,mesh_m,reference_mesh_m,elements,strain_relative_l2,deflection_relative_l2,reference_input_sha256
RECT_FULL,0.4,0.0125,250,0.004991526578642741,0.0029333399652741333,bf881fe661db69414d6c59074ae7e20a7425f67864f443ed2cc6ba0369424828
RECT_FULL,0.2,0.0125,500,0.0008715040911276662,1.2425036057356354e-05,bf881fe661db69414d6c59074ae7e20a7425f67864f443ed2cc6ba0369424828
RECT_FULL,0.1,0.0125,1000,0.00024375670527796025,2.740200839288998e-07,bf881fe661db69414d6c59074ae7e20a7425f67864f443ed2cc6ba0369424828
RECT_FULL,0.05,0.0125,2000,5.850305572357825e-05,4.554901079411231e-07,bf881fe661db69414d6c59074ae7e20a7425f67864f443ed2cc6ba0369424828
RECT_FULL,0.025,0.0125,4000,1.3270200552252121e-05,9.741058846888894e-08,bf881fe661db69414d6c59074ae7e20a7425f67864f443ed2cc6ba0369424828
RECT_PARTIAL,0.4,0.0125,250,0.003224902741230821,2.9888738797202786e-05,5aa5ed606e57d18661f1cdc6d37153760df63ead64588ad62dc5d20bd2837f85
RECT_PARTIAL,0.2,0.0125,500,0.0008690328465781276,7.553499900814916e-07,5aa5ed606e57d18661f1cdc6d37153760df63ead64588ad62dc5d20bd2837f85
RECT_PARTIAL,0.1,0.0125,1000,0.00024189626757025156,2.70257571465308e-07,5aa5ed606e57d18661f1cdc6d37153760df63ead64588ad62dc5d20bd2837f85
RECT_PARTIAL,0.05,0.0125,2000,5.818328713500361e-05,3.659714422352399e-07,5aa5ed606e57d18661f1cdc6d37153760df63ead64588ad62dc5d20bd2837f85
RECT_PARTIAL,0.025,0.0125,4000,1.3210108339889374e-05,4.491077207836299e-08,5aa5ed606e57d18661f1cdc6d37153760df63ead64588ad62dc5d20bd2837f85
GRADED,0.4,0.0125,250,0.0029770090287417946,2.3574846239675866e-06,fabe8d44207e0359822479f1013e7dc461419a0d79bf1bb3c26380cf75b22aaa
GRADED,0.2,0.0125,500,0.0008123117000698011,2.8537573757854926e-07,fabe8d44207e0359822479f1013e7dc461419a0d79bf1bb3c26380cf75b22aaa
GRADED,0.1,0.0125,1000,0.0002246558092244462,4.5833721579143415e-07,fabe8d44207e0359822479f1013e7dc461419a0d79bf1bb3c26380cf75b22aaa
GRADED,0.05,0.0125,2000,5.4822015187496834e-05,1.5627418357389168e-07,fabe8d44207e0359822479f1013e7dc461419a0d79bf1bb3c26380cf75b22aaa
GRADED,0.025,0.0125,4000,1.2471649916491792e-05,1.232882459576513e-07,fabe8d44207e0359822479f1013e7dc461419a0d79bf1bb3c26380cf75b22aaa
